epoch,val/cross_entropy_loss
1,5.5410394191741945
2,5.055603790283203
3,4.864342927932739
4,4.715477800369262
5,4.571447038650513
