epoch,val/cross_entropy_loss
1,2.9967066586017608
2,2.837102162837982
3,2.776266860961914
4,2.760913145542145
5,2.7691621243953706
