epoch,val/cross_entropy_loss
1,5.541039276123047
2,5.055603742599487
3,4.8643430233001705
4,4.715477705001831
5,4.571447038650513
