epoch,train/cross_entropy_loss
1,6.939624007657278
2,5.2292660534810675
3,4.970349380438276
4,4.817450389587622
5,4.681471423279468
