epoch,train/cross_entropy_loss
1,6.93962401108776
2,5.229265974579955
3,4.9703493975906925
4,4.817450393018105
5,4.681471485028164
