epoch,train/cross_entropy_loss
1,3.4970123539762805
2,2.7628506383310585
3,2.5394509544441415
4,2.4093983892068964
5,2.315243609545463
