epoch,val/cross_entropy_loss
1,5.195074403285981
2,5.033182096481323
3,4.738695287704468
4,4.513748669624329
5,4.354096269607544
