epoch,train/cross_entropy_loss
1,3.7315849130334406
2,2.9436046496195054
3,2.6822443270941503
4,2.5133728430159255
5,2.3862384407098545
