epoch,val/cross_entropy_loss
1,3.1104412376880646
2,2.928860718011856
3,2.8888676881790163
4,2.86040318608284
5,2.881520241498947
