epoch,train/cross_entropy_loss
1,5.77231478432886
2,5.110248101747423
3,4.909035826417943
4,4.646725522051649
5,4.465462001222136
