epoch,train/cross_entropy_loss
1,3.581332672804271
2,2.9135712880089826
3,2.6911377829334797
4,2.5455880384582903
5,2.4328004599478272
