epoch,val/cross_entropy_loss
1,3.1544611275196077
2,2.9094443380832673
3,2.829465848207474
4,2.79058375954628
5,2.7792933762073515
